[{
    "name": "Ethel Price",
    "gender": "female",
    "company": "Johnson, Johnson and Partners, LLC CMP DDC",
    "age": 22
  },
  {
    "name": "Claudine Neal",
    "gender": "female",
    "company": "Sealoud",
    "age": 55
  },
  {
    "name": "Beryl Rice",
    "gender": "female",
    "company": "Velity",
    "age": 67
  },
  {
    "name": "Wilder Gonzales",
    "gender": "male",
    "company": "Geekko"
  },
  {
    "name": "Georgina Schultz",
    "gender": "female",
    "company": "Suretech"
  },
  {
    "name": "Carroll Buchanan",
    "gender": "male",
    "company": "Ecosys"
  },
  {
    "name": "Valarie Atkinson",
    "gender": "female",
    "company": "Hopeli"
  },
  {
    "name": "Schroeder Mathews",
    "gender": "male",
    "company": "Polarium"
  },
  {
    "name": "Lynda Mendoza",
    "gender": "female",
    "company": "Dogspa"
  },
  {
    "name": "Sarah Massey",
    "gender": "female",
    "company": "Bisba"
  },
  {
    "name": "Robles Boyle",
    "gender": "male",
    "company": "Comtract"
  },
  {
    "name": "Evans Hickman",
    "gender": "male",
    "company": "Parleynet"
  },
  {
    "name": "Dawson Barber",
    "gender": "male",
    "company": "Dymi"
  },
  {
    "name": "Bruce Strong",
    "gender": "male",
    "company": "Xyqag"
  },
  {
    "name": "Nellie Whitfield",
    "gender": "female",
    "company": "Exospace"
  }
]
